<?xml version="1.0" encoding="UTF-8"?>
<beans xmlns="http://www.springframework.org/schema/beans"
	   xmlns:xsi="http://www.w3.org/2001/XMLSchema-instance" xmlns:aop="http://www.springframework.org/schema/aop"
	   xmlns:context="http://www.springframework.org/schema/context" xmlns:tx="http://www.springframework.org/schema/tx"
	   xmlns:mybatis="http://mybatis.org/schema/mybatis-spring"
	   xsi:schemaLocation="
	http://www.springframework.org/schema/beans
	http://www.springframework.org/schema/beans/spring-beans.xsd
	http://www.springframework.org/schema/aop
	http://www.springframework.org/schema/aop/spring-aop-2.0.xsd
	http://www.springframework.org/schema/tx
    http://www.springframework.org/schema/tx/spring-tx.xsd
    http://mybatis.org/schema/mybatis-spring
  	http://mybatis.org/schema/mybatis-spring.xsd
	http://www.springframework.org/schema/context
	http://www.springframework.org/schema/context/spring-context.xsd">


	<aop:aspectj-autoproxy />

	<context:component-scan base-package="com.bean.controller,com.bean.aspect,com.bean.dao" />

	<!--dao package 搜索-->
	<mybatis:scan base-package="com.bean.dao" />

	<!--定义 SqlSessionFactoryBean-->
	<bean id="sqlSessionFactory" class="org.mybatis.spring.SqlSessionFactoryBean">
		<property name="dataSource" ref="dataSource" />
	</bean>

	<!-- 定义事务管理器 DataSourceTransactionManager -->
	<bean name="TransactionManager" class="org.springframework.jdbc.datasource.DataSourceTransactionManager">
		<property name="dataSource" ref="dataSource"></property>
	</bean>
	<!--使用注释事务 -->
	<tx:annotation-driven  transaction-manager="TransactionManager" />


	<bean id="dataSource" class="org.apache.commons.dbcp.BasicDataSource"
		  destroy-method="close">
		<property name="driverClassName" value="${jdbc.driverClassName}" />
		<property name="url" value="${jdbc.url}" />
		<property name="username" value="${jdbc.username}" />
		<property name="password" value="${jdbc.password}" />
	</bean>

	<context:property-placeholder location="db.properties" />

</beans>