<?xml version="1.0" encoding="UTF-8"?>
<beans xmlns="http://www.springframework.org/schema/beans"
	xmlns:xsi="http://www.w3.org/2001/XMLSchema-instance" xmlns:context="http://www.springframework.org/schema/context"
	xmlns:p="http://www.springframework.org/schema/p"
	xsi:schemaLocation="http://www.springframework.org/schema/beans
	http://www.springframework.org/schema/beans/spring-beans.xsd
	http://www.springframework.org/schema/context
	http://www.springframework.org/schema/context/spring-context.xsd">



	<!--<bean id="Driver" class="com.bean.controller.Driver"  init-method="init" destroy-method="destory">-->
			<!--<constructor-arg name="type" value="Screw" ></constructor-arg>-->
	<!--</bean>-->

	<!--<bean id="Driver" class="com.bean.controller.Driver"  init-method="init" destroy-method="destory">-->
			<!--<constructor-arg>-->
				<!--<map>-->
					<!--<entry key="type" value="staight"></entry>-->
					<!--<entry key="size" value="12"></entry>-->
				<!--</map>-->
			<!--</constructor-arg>-->
	<!--</bean>-->


	<!--<bean id="Driver" class="com.bean.controller.Driver"  init-method="init" destroy-method="destory">-->
		<!--<constructor-arg ref="header"></constructor-arg>-->
	<!--</bean>-->

	<!--<bean id="header" class="com.bean.controller.Header"  >-->
		<!--<constructor-arg name="type" value="${type}" ></constructor-arg>-->
		<!--<constructor-arg name="size" value="${size}" ></constructor-arg>-->
	<!--</bean>-->

	<bean id="Driver" class="com.bean.controller.Driver"  >
		<property name="type" value="${type}" ></property>
		<property name="size" value="${size}" ></property>
	</bean>

	<bean id="property" class="org.springframework.beans.factory.config.PropertyPlaceholderConfigurer">
		<property name="location" value="classpath:driver.properties" />
	</bean>


</beans>
