<beans xmlns="http://www.springframework.org/schema/beans"
	xmlns:context="http://www.springframework.org/schema/context"
	xmlns:mvc="http://www.springframework.org/schema/mvc" xmlns:xsi="http://www.w3.org/2001/XMLSchema-instance"
	xsi:schemaLocation="
	http://www.springframework.org/schema/beans
	http://www.springframework.org/schema/beans/spring-beans.xsd
	http://www.springframework.org/schema/context
	http://www.springframework.org/schema/context/spring-context.xsd
	http://www.springframework.org/schema/mvc
	http://www.springframework.org/schema/mvc/spring-mvc.xsd">

	<context:component-scan base-package="com.bean.controller" />

	<bean id="multipartResolver" class="org.springframework.web.multipart.commons.CommonsMultipartResolver">
		<property name="maxUploadSize" value="100000" />
	</bean>

	<!--自动类型转换,比如 对象->json-->
	<mvc:annotation-driven />


	<bean id="freemarkerConfig"
		  class="org.springframework.web.servlet.view.freemarker.FreeMarkerConfigurer">
		<property name="templateLoaderPath" value="/WEB-INF/freemarker" />

	</bean>


	<bean
			class="org.springframework.web.servlet.view.ContentNegotiatingViewResolver">
		<property name="viewResolvers">
			<list>
				<bean id="viewResolver"
					  class="org.springframework.web.servlet.view.freemarker.FreeMarkerViewResolver">
					<property name="cache" value="true" />
					<property name="prefix" value="" />
					<property name="suffix" value=".ftl" />
					<property name="contentType" value="text/html; charset=utf-8" />
				</bean>
			</list>
		</property>
		<property name="defaultViews">
			<list>
				<bean
						class="org.springframework.web.servlet.view.json.MappingJackson2JsonView" />
			</list>
		</property>
	</bean>


</beans>